Top queries,Clicks,Impressions,CTR,Position
licatesi law group,62,194,31.96%,1.12
the licatesi law group,7,20,35%,1
the licatesi law group llp,5,18,27.78%,1
"the licatesi law group, llp",5,8,62.5%,1
michael licatesi,4,9,44.44%,1
licatesi law,4,8,50%,1.25
licatesi,3,23,13.04%,2.74
"licatesi law group, llp",2,15,13.33%,1.53
wesley glass,1,45,2.22%,10.67
andrew leahy,1,29,3.45%,4.34
licatesi law group reviews,1,28,3.57%,3.96
joseph armao,1,20,5%,3.8
516-227-2662,1,11,9.09%,1
statute of limitations in nj,1,11,9.09%,7.18
licatesi law group llp,1,7,14.29%,1
anthony licatesi,1,4,25%,1
municipal liabilities regulation,1,1,100%,5
brooklyn car accident lawyer,0,599,0%,72.02
long island truck accident lawyer,0,471,0%,91.28
new york dog bite attorney,0,426,0%,33.79
brooklyn personal injury lawyer,0,415,0%,86.21
nyc bus accident lawyer,0,394,0%,68.78
long island construction accident lawyer,0,391,0%,83.21
cheap full coverage car insurance ny,0,387,0%,44.06
brooklyn bus accident lawyer,0,356,0%,15.19
crane accident lawyer,0,347,0%,59.66
cancer misdiagnosis,0,316,0%,59.17
crane accident attorney,0,299,0%,59.46
brooklyn motorcycle accident lawyer,0,290,0%,12.51
long island medical malpractice lawyer,0,287,0%,80.71
personal injury lawyer nassau county,0,273,0%,44.93
bus accident lawyer new york,0,270,0%,73.57
long island truck accident attorney,0,249,0%,89.98
long island bus accident lawyer,0,246,0%,4.96
long island dog bite lawyer,0,231,0%,6.61
dui lawsuit,0,225,0%,56.64
long island construction accident attorney,0,218,0%,74.79
long island medical malpractice attorney,0,215,0%,66.29
dog bite lawyer,0,210,0%,15
nassau county personal injury lawyer,0,209,0%,42.34
brooklyn medical malpractice lawyer,0,205,0%,18.02
new york crane accident attorney,0,205,0%,74.83
talcum powder,0,201,0%,68.76
new york cancer misdiagnosis lawyer,0,199,0%,78.78
long island bus accident attorney,0,198,0%,4.61
new york dog bite lawyer,0,197,0%,44.58
long island dog bite attorney,0,194,0%,6.98
new york amputation lawyer,0,172,0%,82.31
brooklyn injury lawyer,0,170,0%,88.67
new york bus accident attorney,0,168,0%,70.26
statute of limitations nj,0,167,0%,10.19
brooklyn motorcycle accident attorney,0,166,0%,12.42
new york birth injury lawyer,0,165,0%,84.64
new jersey wrongful death attorney,0,163,0%,93.56
queens dog bite lawyer,0,161,0%,84.38
construction accident lawyer long island,0,159,0%,87.5
nassau county personal injury attorney,0,158,0%,38.56
long island wrongful death lawyer,0,156,0%,87.73
dog bite lawyer nyc,0,155,0%,74.45
brooklyn personal injury attorneys,0,155,0%,78.61
medical malpractice lawyer long island,0,154,0%,60.55
real estate attorney long island,0,154,0%,65.94
new york crane accident lawyer,0,153,0%,32.71
long island nursing home abuse attorney,0,149,0%,14.66
long island wrongful death attorney,0,147,0%,85.18
long island nursing home neglect lawyer,0,144,0%,23.01
brooklyn car accident attorney,0,144,0%,61.03
new jersey slip and fall lawyer,0,144,0%,81.44
nassau county medical malpractice lawyer,0,143,0%,11.77
car accident attorney brooklyn,0,141,0%,75.39
uniondale personal injury lawyer,0,140,0%,2.06
ny no fault insurance fee schedule,0,137,0%,26.05
forklift accidents,0,137,0%,59.2
bronx dog bite lawyer,0,137,0%,81.49
queens dog bite attorney,0,134,0%,64.78
new york city birth injury lawyer,0,134,0%,75.34
emotional distress,0,133,0%,56.9
bus accident lawyer nyc,0,132,0%,63.14
personal injury attorney nassau county,0,131,0%,36.53
crane accident lawyers,0,131,0%,40.22
long island pedestrian accident lawyer,0,131,0%,80.4
ceiling collapse lawyer,0,130,0%,70.46
brooklyn medical malpractice attorney,0,128,0%,19.08
euo,0,128,0%,19.41
wrongful death lawyer new jersey,0,128,0%,64.59
dog bite attorney,0,127,0%,9.86
long island nursing home neglect attorney,0,127,0%,22.77
dog bite lawyer new york,0,127,0%,65.61
long island premises liability lawyer,0,125,0%,2.58
long island nursing home abuse lawyer,0,125,0%,29.7
personal injury attorneys brooklyn,0,125,0%,79.85
brooklyn accident lawyer,0,125,0%,88.24
rybelsus lawsuit,0,125,0%,94.14
fedex truck accident,0,124,0%,19.57
nassau county personal injury attorneys,0,124,0%,32.67
medical malpractice lawyer brooklyn,0,122,0%,21.08
misdiagnosis of cancer,0,122,0%,57.02
bus accident attorney nyc,0,122,0%,64.54
full insurance coverage for car,0,121,0%,6.94
medical malpractice attorney long island,0,120,0%,65.92
bronx dog bite attorney,0,119,0%,88.92
long island construction accident lawyers,0,118,0%,77.46
birth injury lawyer long island,0,117,0%,10.74
new york burn injury lawyer,0,117,0%,77.21
nassau county dog bite lawyer,0,116,0%,8.05
new york dog bite attorneys,0,116,0%,26.13
slip and fall lawyer new jersey,0,116,0%,74.59
car accident lawyer in brooklyn,0,115,0%,63.59
new jersey slip and fall attorney,0,115,0%,75.12
new york bedsore lawyer,0,115,0%,85.97
personal injury legal,0,114,0%,77.16
long island real estate lawyer,0,114,0%,81.84
full coverage for car insurance,0,113,0%,54.65
long island premises liability attorney,0,111,0%,2.83
personal injury lawyer,0,110,0%,14.48
staten island dog bite lawyer,0,109,0%,55.64
brooklyn dog bite lawyer,0,108,0%,35.89
westbury car accident lawyer,0,108,0%,51.3
brooklyn auto accident lawyer,0,104,0%,30.35
motorcycle accident lawyer brooklyn,0,103,0%,12.43
brooklyn premises liability lawyer,0,103,0%,59.76
bicycle accident lawyer new york,0,102,0%,93.97
uniondale malpractice lawyer,0,100,0%,3.85
new jersey wrongful death lawyer,0,100,0%,83.07
long island brain injury lawyer,0,99,0%,12.66
new york city dog bite lawyer,0,99,0%,84.52
uniondale misdiagnosis lawyer,0,98,0%,3.67
slip and fall lawyer nj,0,98,0%,82.06
brooklyn dog bite attorney,0,97,0%,33.22
uniondale medical malpractice lawyer,0,96,0%,2.76
new jersey slip and fall attorneys,0,95,0%,76.42
medical malpractice attorney brooklyn,0,94,0%,21.44
nassau county brain injury lawyer,0,94,0%,22.55
nassau county breach of purchase agreement attorney,0,94,0%,52.59
wrongful death attorney new jersey,0,94,0%,90.34
long island brain injury attorney,0,92,0%,10.43
uniondale nursing home abuse lawyer,0,92,0%,10.55
dog bite attorney new york,0,92,0%,39.96
nyc dog bite lawyer,0,92,0%,71.96
brooklyn personal injury lawyers,0,92,0%,84.88
staten island dog bite attorney,0,91,0%,48.82
mineola car accident lawyer,0,91,0%,61.04
personal injury attorney,0,90,0%,15.37
auto accident lawyer brooklyn,0,90,0%,87.77
birth injury lawyer nyc,0,89,0%,65.42
robert bott,0,88,0%,4.93
long island pedestrian accident attorney,0,88,0%,24.25
new york burn injury attorney,0,88,0%,81.75
birth injury lawyer new york,0,87,0%,78.57
medical malpractice lawyers long island,0,86,0%,51.37
suffolk county construction accident attorney,0,86,0%,82.85
malpractice attorneys long island,0,86,0%,84.93
accident attorney nassau county,0,84,0%,70.61
long island medical malpractice law firms,0,84,0%,75.99
brooklyn bus accident attorney,0,83,0%,12.37
dog bite injury lawyer,0,83,0%,17.66
hpv vaccine injuries,0,83,0%,42.58
car accident lawyer brooklyn ny,0,83,0%,76.67
brooklyn car accident law firm,0,83,0%,87.25
comparative negligence new york,0,81,0%,24.36
nassau county pedestrian accident lawyer,0,81,0%,80.2
manhattan dog bite attorney,0,81,0%,90.07
nassau county dog bite attorney,0,80,0%,6.15
nassau county medical malpractice attorney,0,80,0%,12.43
crane accident attorneys new york,0,80,0%,29.94
full car insurance coverage,0,80,0%,46.25
dog bite attorney nyc,0,80,0%,63.79
new york auto insurance requirements,0,80,0%,77.11
new jersey slip and fall accident lawyer,0,80,0%,86.51
new jersey slip and fall injury attorney,0,79,0%,20.22
new york dog bite law firm,0,79,0%,46.06
crane accident attorneys,0,79,0%,78.63
brooklyn pedestrian accident attorney,0,79,0%,89.8
child victims act lawyer,0,78,0%,72.49
long island medical malpractice lawyers,0,78,0%,75.65
talc powder,0,78,0%,85.09
full coverage automobile insurance,0,77,0%,52.87
personal injury attorney in brooklyn,0,76,0%,80.41
crane accidents lawyer,0,75,0%,25.19
queens birth injury lawyer,0,75,0%,26.08
talcum powder side effects,0,75,0%,72.4
brooklyn personal injury attorney,0,75,0%,80.21
car accident lawyer nassau county,0,75,0%,81.96
catastrophic injury attorneys,0,74,0%,29.76
westbury truck accident attorney,0,74,0%,45.47
carle place slip trip and fall accident attorneys,0,73,0%,17.33
new york comparative negligence,0,73,0%,26.78
car accident lawyer brooklyn,0,73,0%,89.82
nassau county brain injury attorney,0,72,0%,23.75
construction accidents long island,0,72,0%,81.18
auto accident lawyers brooklyn,0,71,0%,63.92
real estate attorney suffolk county,0,71,0%,68.49
personal injury lawyer in brooklyn,0,71,0%,79.04
long island slip and fall injury lawsuit,0,71,0%,82.86
nursing home abuse attorney long island,0,70,0%,12.27
brooklyn electric scooter accident lawyer,0,70,0%,22.19
carle place work related injury attorneys,0,70,0%,23.49
dog bite attorneys new york,0,70,0%,44.51
new york city dog bite attorney,0,70,0%,59.63
scaffolding accident claims,0,70,0%,84.36
car accident lawyers brooklyn,0,69,0%,60.48
brooklyn brain injury lawyers,0,68,0%,47.81
medical malpractice attorney suffolk county,0,68,0%,58.94
suffolk county brain injury lawyer,0,67,0%,19.34
medical malpractice lawyers in brooklyn,0,67,0%,19.42
nassau county defective product attorney,0,67,0%,45.12
nassau county accident attorney,0,67,0%,80.28
brooklyn wrongful death lawyer,0,67,0%,88.49
brooklyn birth injury lawyer,0,66,0%,22.45
new jersey wrongful death law firm,0,66,0%,29.45
queens electric scooter accident lawyer,0,66,0%,30.33
vaping-related injury lawyer,0,66,0%,31.8
new york crane accident lawyers,0,66,0%,34.73
brooklyn defective product attorney,0,66,0%,57.45
malpractice lawyer brooklyn,0,66,0%,62.65
nyc bus accident attorney,0,66,0%,68.38
cpap mass tort marketing,0,65,0%,7.94
cpap lawsuit mass tort marketing,0,65,0%,9.52
nassau county electric scooter accident lawyer,0,65,0%,15.2
brooklyn electric scooter accident attorney,0,65,0%,28.14
full coverage insurance,0,65,0%,29.03
nassau county personal injury lawyers,0,65,0%,39.91
medical malpractice lawyers long island ny,0,65,0%,49.31
car accident attorneys brooklyn,0,65,0%,58.85
long island electric scooter accident attorney,0,64,0%,5.53
suffolk county brain injury attorney,0,64,0%,12.36
woodland park personal injury attorney,0,64,0%,60.23
real estate lawyer long island,0,64,0%,76.88
long island wrongful death lawyers,0,64,0%,77.03
brooklyn accident lawyers,0,64,0%,85.14
dog bite attorneys,0,63,0%,4.38
suffolk county electric scooter accident lawyer,0,63,0%,4.65
medical malpractice lawyer nassau county,0,63,0%,11.29
brooklyn medical malpractice lawyers,0,63,0%,20.27
carle place work related injury lawyer,0,63,0%,25.41
motor vehicle accident injuries,0,63,0%,38.94
burn injury lawyer new york,0,63,0%,73.73
brooklyn defective product lawyer,0,63,0%,76.29
personal injury lawyers brooklyn,0,63,0%,80.57
condominium attorney long island,0,63,0%,81.57
talc,0,63,0%,86.16
healthcare litigation support,0,63,0%,93.59
suffolk county electric scooter accident attorney,0,62,0%,2.11
long island rideshare accident attorney,0,62,0%,2.65
carle place dog bite lawyers,0,62,0%,5.45
carle place wrongful death attorneys,0,62,0%,17.45
nassau county electric scooter accident attorney,0,62,0%,17.71
full coverage auto insurance,0,62,0%,22.55
brooklyn wrongful death attorneys,0,62,0%,69.23
woodland park personal injury lawyer,0,62,0%,74.23
new jersey wrongful death lawyers,0,62,0%,93.23
new jersey statute of limitations personal injury,0,61,0%,8.28
valley stream medical malpractice,0,61,0%,32.26
cpap lawsuit mass tort case leads,0,61,0%,47.43
crane accident law firm,0,61,0%,52.59
construction site injury care brooklyn,0,61,0%,53.67
bus accident lawyer manhattan nyc,0,61,0%,67.28
dog bite lawyer new york city,0,61,0%,78.21
no fault attorney new york,0,60,0%,12.12
long island train accident attorney,0,60,0%,15.93
medical malpractice lawyers brooklyn ny,0,60,0%,18.97
medical malpractice lawyer in brooklyn,0,60,0%,19.77
long island defective product attorney,0,60,0%,46.13
long island defective product lawyer,0,60,0%,50.98
long island real estate attorney,0,60,0%,63.35
burn injury attorney new york,0,60,0%,74.77
patchogue wrongful death attorney,0,60,0%,83.47
new jersey slip and fall lawyers,0,60,0%,86.65
cpap lawsuit mass tort marketing campaign,0,59,0%,13.58
ny comparative negligence law,0,59,0%,14.1
carle place medical malpractice attorney,0,59,0%,36.54
carle place car accident attorney,0,59,0%,36.66
new york crane accident attorneys,0,59,0%,37.2
nassau county defective product lawyer,0,59,0%,44.22
long island subway accident attorney,0,59,0%,62.98
long island rideshare accident lawyer,0,58,0%,2.55
auto accident attorney brooklyn,0,58,0%,61.24
dog bite lawyer queens,0,58,0%,69.41
nassau county slip and fall accident attorney,0,58,0%,76.95
long island electric scooter accident lawyer,0,57,0%,5.54
dog bite lawyers,0,57,0%,11.3
carle place distracted driving accident attorneys,0,57,0%,17.44
medical malpractice attorney,0,57,0%,18.33
long island trespass attorney,0,57,0%,44.86
birth injury new york,0,57,0%,46.68
requirement to have auto insurance new york,0,57,0%,50.42
brooklyn brain injury attorney,0,57,0%,52.25
long island truck accident lawyers,0,57,0%,84.53
long island birth injury lawyer,0,56,0%,7.43
brooklyn motorcycle accident attorneys,0,56,0%,15.64
birth injury lawyer brooklyn,0,56,0%,22.05
car accident injuries brooklyn,0,56,0%,39.32
cpap mass tort case leads,0,56,0%,50.45
suffolk county pedestrian accident attorney,0,56,0%,64.12
nassau county slip and fall accident lawyer,0,56,0%,77.04
staten island brain injury attorney,0,56,0%,79.98
personal injury lawyers in brooklyn,0,56,0%,81.07
staten island rideshare accident attorney,0,56,0%,83.23
long island dog bite lawyers,0,55,0%,5.96
nj statute of limitations,0,55,0%,7.45
riverhead dog bite attorneys,0,55,0%,19.53
carle place truck accident lawyer,0,55,0%,25.76
"catastrophic injuries attorney brooklyn, ny",0,55,0%,27.67
wrongful death law firm new jersey,0,55,0%,32.02
nassau county bus accident attorney,0,55,0%,36.38
real estate attorneys in suffolk,0,55,0%,78.22
malpractice attorney long island,0,55,0%,82.64
rhode island dog bite injury attorneys,0,55,0%,98.58
brooklyn motorcycle accident lawyers,0,54,0%,10.2
patchogue dog bite lawyer,0,54,0%,13.13
car accident lawyers in brooklyn,0,54,0%,64.96
uniondale car accident lawyer,0,53,0%,2.98
carle place no fault insurance attorney,0,53,0%,5.68
carle place car accident attorneys,0,53,0%,36.72
medical malpractice attorneys long island ny,0,53,0%,47.02
new jersey forklift injury lawyers,0,53,0%,66.66
new york bodily injury liability requirements,0,53,0%,72.47
nassau county pedestrian accident attorney,0,53,0%,79.36
"burn injuries lawyer brooklyn, ny",0,52,0%,24.87
dog bite lawyer near me,0,52,0%,25.71
carle place car accident lawyer,0,52,0%,38.62
dog bite attorneys new york city,0,52,0%,42.15
medical malpractice lawyers in suffolk county ny,0,52,0%,52.1
brooklyn train accident attorney,0,52,0%,53.73
personal injury attorney long island,0,52,0%,90.1
brooklyn truck accident lawyer,0,52,0%,94.81
carle place dog bite attorneys,0,51,0%,5.14
municipal liability,0,51,0%,5.2
carle place dog bite lawyer,0,51,0%,7.16
"ny-9 in new york, what are boat operators required to do when involved in 
an accident?",0,51,0%,10.27
patchogue rideshare accident lawyer,0,51,0%,11.14
dental malpractice lawyers long island ny,0,51,0%,19.12
"burn injuries attorney brooklyn, ny",0,51,0%,22.37
carle place truck accident attorneys,0,51,0%,25.61
new jersey slip and fall injury attorneys,0,51,0%,27.1
carle place medical malpractice lawyer,0,51,0%,35.47
car accident back surgery settlement,0,51,0%,39.41
property management negligence,0,51,0%,49.33
"traumatic brain injury attorney brooklyn, ny",0,51,0%,56.18
nassau county wrongful death attorney,0,51,0%,77.73
personal injury attorney brooklyn,0,51,0%,79.1
birth injury attorney new york,0,51,0%,80.31
sexual abuse lawyer nyc,0,51,0%,82.47
brooklyn wrongful death lawyers,0,51,0%,82.76
camp lejeune water contamination heart disease,0,51,0%,82.78
catastrophic injury attorney new york,0,51,0%,82.86
manhattan electric scooter accident attorney,0,51,0%,83.59
motorcycle accident attorney brooklyn,0,50,0%,13.08
nassau county no fault insurance lawyer,0,50,0%,21.24
carle place work related injury attorney,0,50,0%,22.72
carle place wrongful death lawyers,0,50,0%,23.36
"catastrophic injuries lawyer brooklyn, ny",0,50,0%,28.96
carle place wrongful death lawyer,0,50,0%,38.26
double auto insurance coverage,0,50,0%,65.98
medical product liability,0,50,0%,82.78
new york escalator tragedy,0,49,0%,10.31
mri facilities nofault collection lawyer in ny,0,49,0%,12.53
brooklyn medical malpractice law firm,0,49,0%,19.69
full coverage car insurance,0,49,0%,22.02
brooklyn auto accident attorney,0,49,0%,24.55
carle place car accident lawyers,0,49,0%,36.73
medical malpractice lawyers on long island ny,0,49,0%,50.53
new york dog bite lawyers,0,49,0%,54.43
dog bite law firm new york city,0,49,0%,55.37
new york bus accident lawyer,0,49,0%,57.69
new york city bus accident lawyer,0,49,0%,62.43
burn injuries lawyer,0,49,0%,69.59
slip and fall attorney nj,0,49,0%,72.04
new jersey forklift injury lawyer,0,49,0%,75.53
new york school sex abuse attorney,0,49,0%,78.31
nassau county workers compensation attorney,0,49,0%,82.45
patchogue slip and fall accident attorneys,0,49,0%,83.29
surgeon nofault collection lawyer in ny,0,48,0%,12.25
new york comparative negligence law,0,48,0%,17.06
hauppauge dog bite attorney,0,48,0%,18.88
carle place wrongful death attorney,0,48,0%,24.29
medical malpractice blog,0,48,0%,26.52
birth injury malpractice group,0,48,0%,27.56
carle place pedestrian accident lawyer,0,48,0%,32.33
new york no fault law,0,48,0%,43.9
new york burn injury lawyers,0,48,0%,44.17
full coverage on car insurance,0,48,0%,58.71
new jersey forklift injury law firm,0,48,0%,63.75
ceiling collapse what to do,0,48,0%,69.83
car accident attorney nassau county,0,48,0%,81.35
personal injury lawyer brooklyn ny,0,48,0%,83.15
brooklyn injury attorney,0,48,0%,89.29
medical malpractice lawyer in bensonhurst,0,47,0%,19.72
forklift accident lawyer nyc,0,47,0%,28.94
"head injury attorney brooklyn, ny",0,47,0%,51.62
new york bus accident lawyers,0,47,0%,56.57
new jersey forklift injury attorney,0,47,0%,75.26
new york city bedsore lawyer,0,47,0%,85.68
pedestrian accident lawyers brooklyn ny,0,47,0%,90.7
staten island train accident attorney,0,47,0%,92.57
carle place dog bite attorney,0,46,0%,5.87
carle place pedestrian accident attorneys,0,46,0%,18.83
carle place medical malpractice attorneys,0,46,0%,31.09
carle place pedestrian accident lawyers,0,46,0%,31.96
auto insurance new york city ny,0,46,0%,38.83
dog bite attorney new york city,0,46,0%,51.72
malpractice lawyer long island,0,46,0%,59.3
motor vehicle accident injury,0,46,0%,65.33
construction accident lawyer in suffolk county,0,46,0%,76.96
wrongful death attorneys brooklyn,0,46,0%,77.87
new jersey slip and fall accident lawyers,0,46,0%,80.85
patchogue rideshare accident attorneys,0,45,0%,10.38
new jersey personal injury statute of limitations,0,45,0%,10.96
brooklyn motorcycle accident law firm,0,45,0%,11.73
hauppauge dog bite lawyers,0,45,0%,16.93
carle place work related injury lawyers,0,45,0%,25.84
crane accident lawyer nyc,0,45,0%,28.27
new hyde park construction accident lawyer,0,45,0%,35.98
westbury truck accident lawyer,0,45,0%,44.2
east meadow car accident lawyer,0,45,0%,47.87
building collapse lawyers,0,45,0%,56.87
suffolk county no-fault insurance claims attorneys,0,45,0%,60.09
patchogue wrongful death lawyers,0,45,0%,68.69
escalator accident lawyer nyc,0,45,0%,73.11
suffolk county construction accident lawyer,0,45,0%,87.04
wrongful death lawyer nassau county,0,45,0%,90.24
accident lawyer in brooklyn,0,45,0%,94.27
motorcycle accident lawyers brooklyn,0,44,0%,11.73
brooklyn medical malpractice attorneys,0,44,0%,19.32
medical malpractice attorneys in brooklyn,0,44,0%,19.95
carle place slip trip and fall accident lawyer,0,44,0%,27.41
nassau county bus accident lawyer,0,44,0%,33.52
auto law group,0,44,0%,43.73
brooklyn traumatic brain injury lawyer,0,44,0%,57.95
cancer misdiagnosis attorney new jersey,0,44,0%,63.02
dog bite lawyers new york,0,44,0%,76.77
real estate lawyer suffolk county,0,44,0%,83.64
mineola personal injury lawyer,0,44,0%,87.36
staten island brain injury lawyer,0,44,0%,92.68
wrongful death lawyer nj,0,44,0%,94.77
no fault healthcare provider lawyers ny,0,43,0%,2.35
statute of limitations nj personal injury,0,43,0%,3.65
nassau county dog bite attorneys,0,43,0%,6.79
patchogue dog bite attorneys,0,43,0%,8.63
burn injury attorney nassau county,0,43,0%,13.79
basic full coverage auto insurance,0,43,0%,15.91
auto insurance in new york city ny,0,43,0%,42.67
new york child victims act attorney,0,43,0%,43.88
east meadow personal injury lawyer,0,43,0%,57.74
"premises liability accident attorney brooklyn, ny",0,43,0%,75.95
patchogue truck accident attorneys,0,43,0%,83.81
wrongful death attorney nassau county,0,43,0%,84.19
brooklyn truck accident attorney,0,43,0%,89.72
brooklyn bus accident lawyers,0,42,0%,7.45
long island burn injury lawyer,0,42,0%,8.33
motorcycle accident law firm brooklyn,0,42,0%,10.19
building collapse attorney nyc,0,42,0%,33.17
burn injury lawyer brooklyn,0,42,0%,37.33
brooklyn car accident lawyer new york,0,42,0%,56.07
car accident attorney in brooklyn,0,42,0%,58.45
"premises liability accident lawyer brooklyn, ny",0,42,0%,59.24
mineola car accident attorneys,0,42,0%,62.14
nassau county rideshare accident lawyer,0,42,0%,63.38
spinal cord injury attorney nassau county,0,42,0%,69.02
comparative fault,0,42,0%,71.81
personal injury attorneys in brooklyn,0,42,0%,80.95
dental malpractice lawyer new york,0,42,0%,82.29
manhattan dog bite lawyer,0,42,0%,97.76
uniondale truck accident attorney,0,41,0%,3.8
new york threshold law,0,41,0%,13.05
bushwick medical malpractice attorneys,0,41,0%,17.41
medical malpractice attorney in bensonhurst,0,41,0%,19.56
medical malpractice attorneys in bensonhurst,0,41,0%,20.59
medical malpractice lawyer,0,41,0%,21.37
no fault attorney,0,41,0%,22.32
bushwick medical malpractice lawyers,0,41,0%,22.93
bushwick medical malpractice attorney,0,41,0%,28.15
flatbush car accident lawyer,0,41,0%,28.24
anesthesia errors lawyer brooklyn ny,0,41,0%,36.78
misdiagnosis cancer new york,0,41,0%,51.15
east meadow car accident attorney,0,41,0%,52.29
long island medical malpractice attorneys,0,41,0%,60.1
new jersey wrongful death attorneys,0,41,0%,63.44
nyc no fault law,0,41,0%,66.17
bronx birth injury lawyer,0,41,0%,67.05
burn injury attorney new york city,0,41,0%,73
brooklyn product liability lawyer,0,41,0%,73.46
malpractice ppc company,0,41,0%,77.68
brooklyn personal injury law firm,0,41,0%,82.37
nassau county construction accident attorneys,0,41,0%,88.66
patchogue rideshare accident attorney,0,40,0%,9.28
uniondale construction accident attorney,0,40,0%,10.78
no fault collection,0,40,0%,20.25
crane accident lawyers new york,0,40,0%,27.12
carle place medical malpractice lawyers,0,40,0%,35.17
car accident attorney in bushwick,0,40,0%,36
brooklyn bedsore lawyer,0,40,0%,42.95
passaic county car accident attorney,0,40,0%,44.12
forklift accident,0,40,0%,44.92
new jersey wrongful death claim,0,40,0%,55.02
bushwick car accident lawyers,0,40,0%,59.92
brooklyn accident attorneys,0,40,0%,62.5
new york birth injury attorney,0,40,0%,80.8
patchogue construction accident attorneys,0,40,0%,82.2
nassau county pedestrian accident attorneys,0,40,0%,84.83
slip and fall lawyer nassau county,0,40,0%,84.95
spinal cord injury lawyer nassau county,0,40,0%,88.4
uniondale construction accident lawyer,0,39,0%,6.82
uniondale motorcycle accident attorney,0,39,0%,14.9
brooklyn burn injuries lawyer,0,39,0%,17.54
medical malpractice attorney in brooklyn,0,39,0%,18.79
carle place construction accident lawyers,0,39,0%,35.54
burn injury in queens,0,39,0%,36.72
queens electric scooter accident attorney,0,39,0%,41.33
westbury motorcycle accident attorney,0,39,0%,45.49
what is considered full coverage auto insurance,0,39,0%,47.08
medical malpractice long island,0,39,0%,60.36
forklift incidents,0,39,0%,67.51
condominium lawyer long island,0,39,0%,77.95
new jersey forklift injury attorneys,0,39,0%,83.77
new york city ebike accident lawyers,0,39,0%,85.05
manhattan electric scooter accident lawyer,0,39,0%,89.08
best firms for birth injury catastrophic cases in long island?,0,38,0%,1.55
long island dog bite attorneys,0,38,0%,7.39
personal injuries attorneys,0,38,0%,8.26
brain injury attorney long island,0,38,0%,8.87
nj statute of limitations personal injury,0,38,0%,9.84
new york no fault collections,0,38,0%,13.58
bushwick car accident attorneys,0,38,0%,22.53
crane accident law firm new york,0,38,0%,22.82
full coverage,0,38,0%,25.89
birth injury attorneys brooklyn,0,38,0%,26.53
crane accident attorney new york,0,38,0%,36.74
negligent maintenance,0,38,0%,41.13
new york child victims act lawyers,0,38,0%,42.92
no fault collection lawyer bronx,0,38,0%,48.39
long island medical malpractice,0,38,0%,58.79
escalator accident attorney manhattan nyc,0,38,0%,64.89
child victims act attorney,0,38,0%,72.79
nyc crane accidents lawyer,0,38,0%,72.92
brooklyn wrongful death litigation attorney,0,38,0%,75.34
long island litigation attorney,0,38,0%,81.84
personal injury attorney brooklyn ny,0,38,0%,84.95
slip and fall lawyers nj,0,38,0%,90.79
nassau county construction accident lawyer,0,38,0%,94.08
long island birth injury attorney,0,37,0%,3.54
motorcycle accident attorneys brooklyn,0,37,0%,13.43
real estate litigation attorney long island,0,37,0%,20.51
bushwick medical malpractice lawyer,0,37,0%,21.05
new york city crane accidents lawyer,0,37,0%,21.7
crane accident lawyer new york,0,37,0%,26.78
carle place construction accident attorney,0,37,0%,32.41
east meadow truck accident attorney,0,37,0%,33.41
east meadow truck accident lawyer,0,37,0%,33.57
patchogue bicycle accident attorneys,0,37,0%,40.11
queens dog bite lawyers,0,37,0%,58.57
dog bite lawyer in new york,0,37,0%,58.59
rideshare assault legal marketing campaigns,0,37,0%,62.38
no fault attorney bronx,0,37,0%,63.24
real estate litigation attorney nyc,0,37,0%,64.19
real estate lawyer nassau county,0,37,0%,67.89
passaic county car accident lawyer,0,37,0%,68.49
new york sexual abuse attorney,0,37,0%,73.68
car accident attorney passaic,0,37,0%,76.57
car accident attorneys in brooklyn,0,37,0%,76.84
suffolk county pedestrian accident lawyer,0,37,0%,77.97
does goldbond cause cancer,0,37,0%,79.19
manhattan bus accident lawyer,0,37,0%,80.86
talcum powder dangers,0,37,0%,82.03
new hyde park truck accident lawyer,0,36,0%,32.25
long island trespass lawyers,0,36,0%,49.25
dog bite attorney queens,0,36,0%,51.58
patchogue lyft accident lawyer,0,36,0%,51.83
comparative vs contributory negligence,0,36,0%,62.5
bus accident attorney new york,0,36,0%,68.14
slip and fall lawyers in new jersey,0,36,0%,72.25
bedsore attorney nyc,0,36,0%,75.14
staten island rideshare accident lawyer,0,36,0%,78.33
nassau county workers compensation lawyer,0,36,0%,86.14
patchogue slip and fall accident lawyers,0,36,0%,90.72
patchogue truck accident lawyer,0,36,0%,94.42
best firms for birth injury catastrophic cases long island,0,35,0%,1.54
uniondale personal injury attorney,0,35,0%,2.14
serious injury threshold ny,0,35,0%,11.29
no fault collections lawyer,0,35,0%,14.26
burn injury lawyer nassau county,0,35,0%,18.77
medical malpractice lawyers in bensonhurst,0,35,0%,20.74
new york crane accident law firm,0,35,0%,29.34
average settlement for discectomy,0,35,0%,41.54
renters rights air conditioning,0,35,0%,43.94
east meadow construction accident lawyer,0,35,0%,48.26
medical malpractice lawyers in long island,0,35,0%,59.31
child victims act lawyers,0,35,0%,62.74
asbestos new york city,0,35,0%,63.94
nyc ebike accident lawyers,0,35,0%,68.4
defective medical products,0,35,0%,87.23
sexual abuse attorney new york city,0,35,0%,88.11
brooklyn drunk driving accident lawyer,0,35,0%,95.29
uniondale motorcycle accident lawyer,0,34,0%,13.53
patchogue rideshare accident lawyers,0,34,0%,13.59
ime denials lawyer in ny,0,34,0%,13.88
medical supply company nofault collection attorney in ny,0,34,0%,14.24
no fault attorney ny,0,34,0%,16.26
pip law,0,34,0%,28.41
car accident attorneys in bushwick,0,34,0%,29.5
floral park wrongful death lawyers,0,34,0%,31.79
brooklyn spinal cord injury law firms,0,34,0%,36.18
borough park car accident attorneys,0,34,0%,37.38
new york personal injury law blog,0,34,0%,43.94
what does a full coverage auto insurance cover,0,34,0%,53.59
brooklyn premises liability attorney,0,34,0%,56.88
misdiagnosis cancer,0,34,0%,64.88
mineola car accident attorney,0,34,0%,68.24
sexual abuse attorneys new york,0,34,0%,79.82
dog bite lawyers new york city,0,34,0%,80.59
catastrophic injury law firm new york,0,34,0%,80.85
manhattan bus accident attorney,0,34,0%,82.53
real estate litigation lawyers,0,34,0%,84.41
talc use,0,34,0%,84.44
accident attorney brooklyn,0,34,0%,88.15
no fault arbitration lawyer bronx,0,33,0%,3.24
bus accident lawyer brooklyn,0,33,0%,9.3
no fault collections,0,33,0%,16.85
suffolk county defective product attorney,0,33,0%,29.03
suffolk county defective product lawyer,0,33,0%,29.12
brooklyn spinal cord injury attorney,0,33,0%,30
brain injury lawyer nassau county,0,33,0%,44.76
new york city ny car insurance,0,33,0%,45.61
full car coverage insurance,0,33,0%,46.45
full coverage auto insurance definition,0,33,0%,47.55
real estate lawyer west hempstead,0,33,0%,52.52
ppc nassau county,0,33,0%,53.76
what does full coverage cover on auto insurance,0,33,0%,54.88
car accident lawyer in bushwick,0,33,0%,62.09
car accident attorney brooklyn ny,0,33,0%,63.85
delivery truck accidents,0,33,0%,68.36
new york city electric bike accident lawyers,0,33,0%,69.67
ceiling collapse attorney nyc,0,33,0%,71.21
nyc bedsore lawyer,0,33,0%,73.97
brooklyn brain injury lawyer,0,33,0%,81.15
long island pedestrian accident lawyers,0,33,0%,83.42
injury lawyer nassau county,0,33,0%,84.88
construction accident lawyer nassau county,0,33,0%,87.82
electrical accidents,0,33,0%,91.45
new york no fault attorney,0,32,0%,9.16
medical malpractice lawyers nassau county,0,32,0%,10.91
cpap mass tort marketing campaign,0,32,0%,12.78
new jersey statute of limitations,0,32,0%,14.09
no fault collection attorney bronx,0,32,0%,20.84
assault and battery nyc,0,32,0%,26.44
patchogue lyft accident attorney,0,32,0%,28.38
catastrophic injury attorney nassau county,0,32,0%,33.5
debt lawyer uniondale,0,32,0%,48.97
premises liability lawyer brooklyn,0,32,0%,49.97
brooklyn brain injury attorneys,0,32,0%,52.5
brooklyn head injury attorneys,0,32,0%,59.88
passaic car accident lawyer,0,32,0%,62.69
bronx birth injury law firm,0,32,0%,70.44
construction accident attorney nassau county,0,32,0%,77.25
pedestrian accidents lawyer,0,32,0%,80.47
real estate litigation lawyer nyc,0,32,0%,81.44
accident lawyers in brooklyn,0,32,0%,82.09
traumatic brain injury attorney queens,0,32,0%,90
dog bite lawyer long island,0,31,0%,7.19
peer review denials attorney in ny,0,31,0%,19.9
nyc subway accidents,0,31,0%,21.03
burn injury attorney queens,0,31,0%,22.35
burn injuries lawyers brooklyn ny,0,31,0%,24.97
personal injury attorneys nassau county,0,31,0%,26.48
motorcycle insurance brooklyn,0,31,0%,31.94
burn injury attorney brooklyn,0,31,0%,38.58
car accident lawyers in bushwick,0,31,0%,46.29
real estate attorney west hempstead,0,31,0%,46.87
catastrophic injury lawyer nassau county,0,31,0%,51.32
"traumatic brain injury lawyers brooklyn, ny",0,31,0%,54.1
new hyde park personal injury lawyer,0,31,0%,56.71
nyc dog bite attorney,0,31,0%,57.45
automobile accident attorney brooklyn,0,31,0%,59.19
nursing home injury laws,0,31,0%,59.65
cancer misdiagnosis attorney new york,0,31,0%,63.16
vehicle accident lawyer brooklyn,0,31,0%,66.81
borough park car accident lawyers,0,31,0%,70.1
new york cancer misdiagnosis attorney,0,31,0%,74.29
brooklyn sexual abuse lawyer,0,31,0%,77.1
birth injury law firm bronx,0,31,0%,77.39
child victims act attorney nyc,0,31,0%,78.77
pedestrian accident attorney nassau county,0,31,0%,79.77
birth injury lawyers new york,0,31,0%,88.84
patchogue distracted driver accident attorneys,0,31,0%,89.1
premises liability lawyer long island,0,30,0%,2.43
no fault arbitration attorney bronx,0,30,0%,3
uniondale truck accident lawyer,0,30,0%,5.3
municipality liablity,0,30,0%,5.77
birth injury attorneys long island,0,30,0%,7.57
medical malpractice nassau county,0,30,0%,10.13
passaic truck accident lawyer,0,30,0%,12.23
real estate litigation attorney suffolk county,0,30,0%,13.1
passaic truck accident lawyers,0,30,0%,13.8
no fault attorney in ny,0,30,0%,14.97
examination under oath lawyer in new york,0,30,0%,15.87
new york state comparative negligence law,0,30,0%,17.17
no fault arbitration,0,30,0%,21.4
long island bicycle accident attorneys,0,30,0%,28.27
nursing home lawyer,0,30,0%,32.23
new york city building collapse lawyers,0,30,0%,33.73
new york city crane accident lawyers,0,30,0%,34.2
queens dog bite attorneys,0,30,0%,35.37
what does full coverage car insurance cover,0,30,0%,38.6
nyc dog bite attorneys,0,30,0%,39.03
ny no fault insurance law,0,30,0%,41.67
product liability attorneys brooklyn,0,30,0%,47.97
car accident lawyer kendall park nj,0,30,0%,56.47
east meadow personal injury attorney,0,30,0%,59.7
new york school sexual abuse attorneys,0,30,0%,68.57
birth injury attorney nyc,0,30,0%,69.23
mineola truck accident lawyer,0,30,0%,69.43
new york city dog bite lawyers,0,30,0%,79
truck accident lawyer long island,0,30,0%,84.73
new york catastrophic injury law firm,0,30,0%,87.33
ny sex abuse lawyer,0,30,0%,88.37
real estate litigation attorneys,0,30,0%,89.27
no fault arbitration lawyer new york,0,29,0%,3.76
nofault lawyers for healthcare providers ny,0,29,0%,5.45
long island lawyers for dog bite injuries,0,29,0%,6.24
long island sexual abuse attorney,0,29,0%,6.31
medical malpractice attorney nassau county,0,29,0%,11
new york nofault attorneys,0,29,0%,12.21
dog bite law firm,0,29,0%,13.52
no fault collection attorney brooklyn,0,29,0%,14.48
car accident cases in brooklyn,0,29,0%,14.55
elevator accidents nyc,0,29,0%,14.83
auto accident injuries brooklyn,0,29,0%,15.97
birth injury lawyer queens,0,29,0%,17.07
patchogue lyft accident attorneys,0,29,0%,17.9
brooklyn burn injuries attorneys,0,29,0%,26.24
brooklyn burn injuries law firm,0,29,0%,26.83
brooklyn burn injuries lawyers,0,29,0%,26.83
carle place slip trip and fall accident lawyers,0,29,0%,27.14
brooklyn burn injuries attorney,0,29,0%,30.93
"spinal cord injury law firms brooklyn, ny",0,29,0%,34
nursing home abuse attorney nassau county,0,29,0%,52.83
how much coverage is full coverage auto insurance,0,29,0%,56.97
brooklyn traumatic brain injury attorney,0,29,0%,58.76
brooklyn back injuries law firms,0,29,0%,60.59
bronx birth injury attorneys,0,29,0%,67.55
product liability medical device,0,29,0%,70.38
new jersey truck accident lawyer,0,29,0%,72.97
hauppauge truck accident lawyer,0,29,0%,75.97
personal injury protection lawyer nyc,0,29,0%,83.97
mineola personal injury attorney,0,29,0%,91.03
patchogue construction accident lawyer,0,29,0%,95.48
no fault arbitration lawyer,0,28,0%,2.82
peter defrank,0,28,0%,3.25
new york nofault attorneys for healthcare providers,0,28,0%,3.89
long island sexual abuse lawyer,0,28,0%,4.54
passaic slip and fall accident lawyer,0,28,0%,4.68
passaic slip and fall accident lawyers,0,28,0%,7.11
hospital nofault collection attorney in ny,0,28,0%,10.71
no fault collection lawyer new york,0,28,0%,11.5
sexual abuse attorneys on long island,0,28,0%,11.75
insurance dispute attorney long island,0,28,0%,12.14
real estate attorney uniondale,0,28,0%,12.75
premises liability lawyer in suffolk county,0,28,0%,13.54
nofault attorneys new york,0,28,0%,18.18
long island head injury lawyer,0,28,0%,18.36
new york nofault arbitration,0,28,0%,22.82
building collapse lawyer nyc,0,28,0%,22.89
dog bite attorney near me,0,28,0%,25.04
comparative negligence ny,0,28,0%,26.18
catastrophic injuries attorneys brooklyn ny,0,28,0%,27.43
failure to diagnose cancer lawyer long island,0,28,0%,31.61
long island nursing home abuse attorneys,0,28,0%,33
brooklyn motorcycle insurance,0,28,0%,35.46
"insurance coverage litigation long island, ny",0,28,0%,39.71
brooklyn catastrophic injuries attorneys,0,28,0%,40.25
brooklyn construction accident recovery,0,28,0%,41.18
construction site accidents in brooklyn,0,28,0%,41.86
brooklyn child victims act lawyer,0,28,0%,42
brooklyn catastrophic injuries law firm,0,28,0%,44.82
brain injury attorney brooklyn ny,0,28,0%,50.57
bronx child victims act lawyer,0,28,0%,53.21
work accident law firm woodbury,0,28,0%,54.07
"head injury lawyers brooklyn, ny",0,28,0%,54.5
"back injuries law firms brooklyn, ny",0,28,0%,56.21
dog bite law firm new york,0,28,0%,57.18
medical malpractice ppc,0,28,0%,62.71
bedsore lawyer nyc,0,28,0%,66.04
l5-s1 injury settlement lawyer,0,28,0%,66.68
bensonhurst car accident attorneys,0,28,0%,67.39
burn injury lawyer new york city,0,28,0%,68.11
nyc bus accident attorneys,0,28,0%,70
new york cancer misdiagnosis lawyers,0,28,0%,71.21
brooklyn rear end accident lawyer,0,28,0%,71.75
spinal injuries caused by car accidents,0,28,0%,72.46
borough park car accident lawyer,0,28,0%,73.75
pedestrian accident lawyer nassau county,0,28,0%,74.54
ny child victims act lawyer,0,28,0%,74.79
medical malpractice law firms long island,0,28,0%,75.04
personal injury attorney nassau county ny,0,28,0%,75.43
bushwick car accident lawyer,0,28,0%,78.86
patchogue slip and fall accident attorney,0,28,0%,82.57
new york child sex abuse lawyer,0,28,0%,82.82
catastrophic injury attorney brooklyn,0,28,0%,85.57
long island truck accident attorneys,0,28,0%,88.71
new york city ceiling collapse attorney,0,28,0%,90
suffolk county truck accident lawyer,0,28,0%,91
nassau county wrongful death attorneys,0,28,0%,91.32
suffolk county pedestrian accident attorneys,0,28,0%,97.68
wrongful death lawyers new jersey,0,28,0%,100.25
no fault arbitration attorney nyc,0,27,0%,1.56
no fault arbitration lawyer long island,0,27,0%,2.96
no fault arbitration attorney new york,0,27,0%,3
no fault arbitration attorney manhattan,0,27,0%,3.22
no fault arbitration lawyer manhattan,0,27,0%,3.26
no fault arbitration lawyer nyc,0,27,0%,3.52
no fault arbitration lawyer queens,0,27,0%,4
"animal attack injuries attorneys mineola, ny",0,27,0%,5.11
"delivery truck accidents hempstead, ny",0,27,0%,5.89
"bus accident lawyer brooklyn, ny",0,27,0%,6.56
product liability attorney nassau county,0,27,0%,6.78
passaic slip and fall lawyer,0,27,0%,6.81
"burn injuries lawyer hempstead, ny",0,27,0%,7.56
no fault collection lawyer long island,0,27,0%,7.78
nys article 28 facilities no fault collections,0,27,0%,8.19
no fault collection attorney nyc,0,27,0%,9.63
no fault collection attorney queens,0,27,0%,11.26
product liability lawyer nassau county,0,27,0%,11.7
long island head injury attorney,0,27,0%,14.26
animal bite lawyer,0,27,0%,15.41
the impact of social media on nyc personal injury claims,0,27,0%,16.74
premises liability lawyer in nassau county,0,27,0%,17.3
"traumatic brain injuries attorney hempstead, ny",0,27,0%,18.52
"burn injuries attorneys brooklyn, ny",0,27,0%,20.93
real estate litigation lawyer suffolk county,0,27,0%,22.78
no fault collection attorney manhattan,0,27,0%,23.48
long island auto accident lawyers,0,27,0%,28.52
"catastrophic injuries lawyers brooklyn, ny",0,27,0%,31.04
birth injury attorney brooklyn ny,0,27,0%,32.59
brooklyn spinal cord injury law firm,0,27,0%,33.15
nassau county bedsore lawyer,0,27,0%,36.96
"delivery truck accidents long island, ny",0,27,0%,37.74
new york city crane accident attorneys,0,27,0%,40.07
new hyde park car accident lawyer,0,27,0%,42
ny no fault state,0,27,0%,48.19
what is full coverage auto insurance,0,27,0%,50.85
"sexual assault victim attorney brooklyn, ny",0,27,0%,54.56
"premises liability accident law firm brooklyn, ny",0,27,0%,57.04
brooklyn traumatic brain injury law firms,0,27,0%,58.59
cancer misdiagnosis attorneys new york,0,27,0%,60.63
"wrongful death litigation attorney brooklyn, ny",0,27,0%,61.41
nyc dog bite law firm,0,27,0%,62.07
brooklyn premises liability accident lawyers,0,27,0%,66.07
bicycle accidents in brooklyn,0,27,0%,67.11
no fault insurance claim ny,0,27,0%,67.19
construction accident attorney suffolk county,0,27,0%,71.33
ny car insurance rules,0,27,0%,74
work accident attorney woodbury,0,27,0%,75.37
car accidents attorny jericho,0,27,0%,77.81
dog bite lawyer in state island,0,27,0%,79.67
new york catastrophic injury attorney,0,27,0%,80
talcum,0,27,0%,80.74
brooklyn injury attorneys,0,27,0%,83.89
nyc rico lawyer,0,27,0%,86.04
hauppauge truck accident lawyers,0,27,0%,89
what is talcum powder,0,27,0%,89.44
wrongful death attorney long island,0,27,0%,94.22
nassau county real estate attorney,0,27,0%,96.3
no fault arbitration lawyer brooklyn,0,26,0%,1.85
no fault arbitration attorney brooklyn,0,26,0%,1.92
no fault arbitration attorney long island,0,26,0%,1.96
auto accident claims in brooklyn,0,26,0%,3.27
"animal attack injuries attorney mineola, ny",0,26,0%,3.58
no fault arbitration attorney queens,0,26,0%,4
new york nofault attorney for healthcare providers,0,26,0%,4.08
new york nofault lawyers for healthcare providers,0,26,0%,4.85
no fault collection attorney long island,0,26,0%,5.35
bus accident lawyers brooklyn ny,0,26,0%,6.15
"animal attack injuries attorney hempstead, ny",0,26,0%,6.31
kings county motorcycle accident lawyer,0,26,0%,6.38
suffolk county bus accident attorney,0,26,0%,7.62
suffolk county real estate litigation attorney,0,26,0%,7.96
no fault litigation lawyer,0,26,0%,9.31
westbury dog bite lawyer,0,26,0%,9.46
"motorcycle accident attorney brooklyn, ny",0,26,0%,10.46
motorcycle accident attorneys brooklyn ny,0,26,0%,11.08
no fault collection attorney new york,0,26,0%,11.15
slip & fall attorneys new jersey,0,26,0%,11.15
no fault collection lawyer brooklyn,0,26,0%,13.96
new york pip lawyer,0,26,0%,14.04
no fault lawyer long island,0,26,0%,16.08
medical malpractice lawyer brooklyn ny,0,26,0%,16.96
"burn injuries law firm brooklyn, ny",0,26,0%,22.5
spinal cord injury lawyers brooklyn ny,0,26,0%,25.46
"burn injuries lawyers brooklyn, ny",0,26,0%,25.5
burn injuries in brooklyn,0,26,0%,25.62
brooklyn burn injuries law firms,0,26,0%,27.12
dog bite attorneys queens,0,26,0%,28.35
new york asbestos exposure,0,26,0%,28.35
no fault attorney nyc,0,26,0%,29.62
new york building collapse lawyers,0,26,0%,30.69
nursing home abuse lawyer long island,0,26,0%,35.65
brooklyn catastrophic injuries attorney,0,26,0%,36.04
no fault benefits lawyer in ny,0,26,0%,37.46
no fault attorney manhattan,0,26,0%,38.31
brooklyn catastrophic injuries law firms,0,26,0%,38.38
slip and fall lawyer in new jersey,0,26,0%,40.5
medical malpractice lawyer valley stream ny,0,26,0%,42.04
no fault claim denial lawyer in ny,0,26,0%,42.19
brooklyn catastrophic injuries lawyer,0,26,0%,43.58
medical necessity claim lawyer in ny,0,26,0%,49.85
bushwick car accident attorney,0,26,0%,50.31
real estate litigation attorney queens,0,26,0%,50.85
full auto coverage insurance,0,26,0%,52.35
scooter injury lawyer nyc,0,26,0%,54.15
brooklyn traumatic brain injury attorneys,0,26,0%,55
bronx bed sore lawyer,0,26,0%,56.5
ceiling collapse attorney,0,26,0%,58.35
premises liability attorney brooklyn,0,26,0%,58.5
landlord and tenant laws on air conditioning,0,26,0%,58.88
anterior cervical discectomy brooklyn,0,26,0%,58.92
misdiagnosis attorney long island,0,26,0%,59.73
cates law firm,0,26,0%,60.04
brooklyn car accident lawyers,0,26,0%,60.5
misdiagnosed cancer,0,26,0%,61.19
birth injury new jersey,0,26,0%,64.27
nassau county nursing home abuse lawyer,0,26,0%,64.88
birth injury lawyer bronx,0,26,0%,66.69
new york city cancer misdiagnosis attorney,0,26,0%,70.15
patchogue lyft accident lawyers,0,26,0%,71.77
brooklyn ny car accident lawyer,0,26,0%,74.12
head injury claims in brooklyn,0,26,0%,74.15
nyc electric bike accident lawyers,0,26,0%,74.46
talc side effects,0,26,0%,75.65
"auto accident lawyer brooklyn, ny",0,26,0%,76.85
brooklyn catastrophic injuries lawyers,0,26,0%,77.54
suffolk county commercial real estate attorney,0,26,0%,84.46
trucking accident attorney new jersey,0,26,0%,85.54
birth injury cases new jersey,0,26,0%,88.58
brooklyn car accident injury lawyers,0,26,0%,88.73
serious catastrophic injuries lawyer new york,0,26,0%,88.81
patchogue slip and fall accident lawyer,0,26,0%,89.58
distracted driving accident nassau,0,26,0%,94.88
new york bedsore lawyers,0,26,0%,95.62
joe armao,0,25,0%,1.68
long island premises liability lawyers,0,25,0%,1.88
"delivery truck accidents mineola, ny",0,25,0%,2.8
"animal attack injuries lawyer mineola, ny",0,25,0%,5.08
"animal attack injuries lawyer hempstead, ny",0,25,0%,6.8
"dog bite attorney hempstead, ny",0,25,0%,7.52
"ny-9 in new york what are boat operators required to do when involved in an 
accident",0,25,0%,10
wrongful death attorney passaic,0,25,0%,10.76
real estate dispute lawyer long island,0,25,0%,11.92
no fault collection lawyer nyc,0,25,0%,17.2
kings county car accident lawyer,0,25,0%,18.64
"medical malpractice hempstead, ny",0,25,0%,21.96
suffolk county bedsore lawyer,0,25,0%,22.04
fedex accident,0,25,0%,22.4
no fault collection lawyer manhattan,0,25,0%,23.68
"burn injuries law firms brooklyn, ny",0,25,0%,24.4
no fault attorney brooklyn,0,25,0%,26.76
dog bite attorney melville,0,25,0%,27.12
carle place hit and run accident lawyer,0,25,0%,28.92
no fault insurance attorney new york,0,25,0%,30.88
dog bite lawyers melville,0,25,0%,31.4
building collapses attorney nyc,0,25,0%,32.2
product liability nassau county,0,25,0%,33.24
real estate attorney elmont,0,25,0%,36.52
no fault collection lawyer queens,0,25,0%,37.04
"catastrophic injuries law firm brooklyn, ny",0,25,0%,37.96
"catastrophic injuries law firms brooklyn, ny",0,25,0%,38.32
anesthesia errors lawyer brooklyn,0,25,0%,38.64
new york asbestos,0,25,0%,40.4
real estate attorney lynbrook,0,25,0%,43.72
product liability in queens,0,25,0%,46.36
mediation vs litigation,0,25,0%,48.32
scooter injury attorney nyc,0,25,0%,51.84
head injury attorneys brooklyn ny,0,25,0%,52.08
what is no fault insurance in ny,0,25,0%,52.8
medical malpractice lawyer in long island,0,25,0%,54.24
product liability in state island,0,25,0%,54.88
traumatic brain injury attorneys brooklyn ny,0,25,0%,56.24
"traumatic brain injury attorneys brooklyn, ny",0,25,0%,56.56
brooklyn traumatic brain injury lawyers,0,25,0%,57.28
brain injury in state island,0,25,0%,58
workplace accident attorney nassau county,0,25,0%,58.32
nyc dog bite lawyers,0,25,0%,59.48
premises liability in brooklyn,0,25,0%,60.36
cancer misdiagnosis new york,0,25,0%,61.68
no fault lawyer new york,0,25,0%,62.2
settlement for herniated c5 and c6 disc,0,25,0%,63.28
forklift accidents attorney nyc,0,25,0%,63.84
"auto accident attorney brooklyn, ny",0,25,0%,63.96
"negligence attorney hempstead, ny",0,25,0%,66.64
brooklyn premises liability accident attorneys,0,25,0%,67.84
dog bite lawyer in queens,0,25,0%,72.88
back injuries at work in brooklyn,0,25,0%,74.64
"pedestrian lawyer brooklyn, ny",0,25,0%,76
"premises liability accident attorneys brooklyn, ny",0,25,0%,76.08
workers compensation attorney nassau county,0,25,0%,78.84
car accident lawyer passaic,0,25,0%,79.64
2 level cervical fusion settlement,0,25,0%,79.84
new york city ceiling collapse lawyer,0,25,0%,80.68
no fault insurance reviews,0,25,0%,86
auto full coverage,0,25,0%,88.76
escalator accident attorney nyc,0,25,0%,93.84
